{
  "name": "AdminLTE",
  "homepage": "http://almsaeedstudio.com",
  "authors": [
    "Abdullah Almsaeed <abdullah@almsaeedstudio.com>"
  ],
  "description": "Admin dashboard and control panel template",
  "main": [
    "index2.html",
    "dist/css/AdminLTE.css",
    "dist/js/app.js",
    "build/less/AdminLTE.less"
  ],
  "keywords": [
    "css",
    "js",
    "html",
    "template",
    "admin",
    "bootstrap",
    "theme",
    "backend",
    "responsive"
  ],
  "license": "MIT",
  "ignore": [
    "/.*",
    "node_modules",
    "bower_components",
    "composer.json",
    "documentation"
  ],
  "version": "2.3.7",
  "_release": "2.3.7",
  "_resolution": {
    "type": "version",
    "tag": "v2.3.7",
    "commit": "797b65b3ca90525a4e048de5b8d02ba6878ea239"
  },
  "_source": "https://github.com/almasaeed2010/AdminLTE.git",
  "_target": "^2.3.3",
  "_originalSource": "admin-lte"
}